{
    "release": {
        "id": "acs2015_1yr",
        "name": "ACS 2015 1-year",
        "years": "2015"
    },
    "tables": {
        "B06011": {
            "title": "Median Income in the Past 12 Months (In 2015 Inflation-adjusted Dollars) by Place of Birth in the United States",
            "universe": "Population 15 Years and Over in the United States With Income",
            "denominator_column_id": null,
            "columns": {
                "B06011000.5": {
                    "name": "Median income in the past 12 months --",
                    "indent": 0
                },
                "B06011001": {
                    "name": "Total:",
                    "indent": 1
                },
                "B06011002": {
                    "name": "Born in state of residence",
                    "indent": 3
                },
                "B06011003": {
                    "name": "Born in other state of the United States",
                    "indent": 3
                },
                "B06011004": {
                    "name": "Native; born outside the United States",
                    "indent": 3
                },
                "B06011005": {
                    "name": "Foreign born",
                    "indent": 3
                }
            }
        }
    }
}